,Aspirin,Paracetamol,Ibuprofen,Caffeine,Metformin
Aspirin,1.0,0.2222222222222222,0.1951219512195122,0.08888888888888889,0.09523809523809523
Paracetamol,0.2222222222222222,1.0,0.18421052631578946,0.0975609756097561,0.13513513513513514
Ibuprofen,0.1951219512195122,0.18421052631578946,1.0,0.08695652173913043,0.11904761904761904
Caffeine,0.08888888888888889,0.0975609756097561,0.08695652173913043,1.0,0.044444444444444446
Metformin,0.09523809523809523,0.13513513513513514,0.11904761904761904,0.044444444444444446,1.0
